Date,Price,,
02/01/2019 ,6504.1,,
03/01/2019 ,6385.6,,
04/01/2019 ,6240.7,,
05/01/2019 ,6240.7,,
06/01/2019 ,6240.7,,
07/01/2019 ,6221,,
08/01/2019 ,6135.4,,
09/01/2019 ,6174.9,,
10/01/2019 ,6174.9,,
11/01/2019 ,6122.2,,
12/01/2019 ,6122.2,,
13/01/2019 ,6122.2,,
14/01/2019 ,5997.2,,
15/01/2019 ,5931.3,,
16/01/2019 ,6023.5,,
17/01/2019 ,6023.5,,
18/01/2019 ,6010.3,,
19/01/2019 ,6010.3,,
20/01/2019 ,6010.3,,
21/01/2019 ,5905,,
22/01/2019 ,5924.7,,
23/01/2019 ,5990.6,,
24/01/2019 ,5924.7,,
25/01/2019 ,5826,,
26/01/2019 ,5826,,
27/01/2019 ,5826,,
28/01/2019 ,5786.5,,
29/01/2019 ,5681.2,,
30/01/2019 ,5621.9,,
31/01/2019 ,5694.3,,
01/02/2019 ,5720.7,,
02/02/2019 ,5720.7,,
03/02/2019 ,5720.7,,
04/02/2019 ,5720.7,,
05/02/2019 ,5720.7,,
06/02/2019 ,5720.7,,
07/02/2019 ,5720.7,,
08/02/2019 ,5720.7,,
09/02/2019 ,5720.7,,
10/02/2019 ,5720.7,,
11/02/2019 ,5779.9,,
12/02/2019 ,5990.6,,
13/02/2019 ,6010.3,,
14/02/2019 ,5990.6,,
15/02/2019 ,5937.9,,
16/02/2019 ,5937.9,,
17/02/2019 ,5937.9,,
18/02/2019 ,6010.3,,
19/02/2019 ,6010.3,,
20/02/2019 ,6010.3,,
21/02/2019 ,5990.6,,
22/02/2019 ,6023.5,,
23/02/2019 ,6023.5,,
24/02/2019 ,6023.5,,
25/02/2019 ,6082.7,,
26/02/2019 ,6181.5,,
27/02/2019 ,6161.7,,
28/02/2019 ,6082.7,,
01/03/2019 ,6076.2,,
02/03/2019 ,6076.2,,
03/03/2019 ,6076.2,,
04/03/2019 ,6227.6,,
05/03/2019 ,6240.7,,
06/03/2019 ,6240.7,,
07/03/2019 ,6583,,
08/03/2019 ,6510.6,,
09/03/2019 ,6510.6,,
10/03/2019 ,6510.6,,
11/03/2019 ,6451.4,,
12/03/2019 ,6444.8,,
13/03/2019 ,6563.3,,
14/03/2019 ,6550.1,,
15/03/2019 ,6517.2,,
16/03/2019 ,6517.2,,
17/03/2019 ,6517.2,,
18/03/2019 ,6477.7,,
19/03/2019 ,6510.6,,
20/03/2019 ,6451.4,,
21/03/2019 ,6319.7,,
22/03/2019 ,6247.3,,
23/03/2019 ,6247.3,,
24/03/2019 ,6247.3,,
25/03/2019 ,6122.2,,
26/03/2019 ,6155.2,,
27/03/2019 ,6319.7,,
28/03/2019 ,6286.8,,
29/03/2019 ,6286.8,,
30/03/2019 ,6286.8,,
31/03/2019 ,6286.8,,
01/04/2019 ,6286.8,,
02/04/2019 ,6253.9,,
03/04/2019 ,6188.1,,
04/04/2019 ,6188.1,,
05/04/2019 ,6517.2,,
06/04/2019 ,6517.2,,
07/04/2019 ,6517.2,,
08/04/2019 ,6583,,
09/04/2019 ,6543.6,,
10/04/2019 ,6583,,
11/04/2019 ,6484.3,,
12/04/2019 ,6517.2,,
13/04/2019 ,6517.2,,
14/04/2019 ,6517.2,,
15/04/2019 ,6517.2,,
16/04/2019 ,6418.5,,
17/04/2019 ,6392.1,,
18/04/2019 ,6372.4,,
19/04/2019 ,6372.4,,
20/04/2019 ,6372.4,,
21/04/2019 ,6372.4,,
22/04/2019 ,6346.1,,
23/04/2019 ,6319.7,,
24/04/2019 ,6372.4,,
25/04/2019 ,6286.8,,
26/04/2019 ,6346.1,,
27/04/2019 ,6346.1,,
28/04/2019 ,6346.1,,
29/04/2019 ,6346.1,,
30/04/2019 ,6346.1,,
01/05/2019 ,6346.1,,
02/05/2019 ,6332.9,,
03/05/2019 ,6319.7,,
04/05/2019 ,6319.7,,
05/05/2019 ,6319.7,,
06/05/2019 ,6221,,
07/05/2019 ,6247.3,,
08/05/2019 ,6247.3,,
09/05/2019 ,6247.3,,
10/05/2019 ,6240.7,,
11/05/2019 ,6240.7,,
12/05/2019 ,6240.7,,
13/05/2019 ,6253.9,,
14/05/2019 ,6240.7,,
15/05/2019 ,6253.9,,
16/05/2019 ,6253.9,,
17/05/2019 ,6247.3,,
18/05/2019 ,6247.3,,
19/05/2019 ,6247.3,,
20/05/2019 ,6253.9,,
21/05/2019 ,6286.8,,
22/05/2019 ,6293.4,,
23/05/2019 ,6286.8,,
24/05/2019 ,6253.9,,
25/05/2019 ,6253.9,,
26/05/2019 ,6253.9,,
27/05/2019 ,6253.9,,
28/05/2019 ,6234.1,,
29/05/2019 ,6234.1,,
30/05/2019 ,6221,,
31/05/2019 ,6135.4,,
01/06/2019 ,6135.4,,
02/06/2019 ,6135.4,,
03/06/2019 ,6155.2,,
04/06/2019 ,6122.2,,
05/06/2019 ,6056.4,,
06/06/2019 ,6089.3,,
07/06/2019 ,6122.2,,
08/06/2019 ,6122.2,,
09/06/2019 ,6122.2,,
10/06/2019 ,6174.9,,
11/06/2019 ,6155.2,,
12/06/2019 ,6155.2,,
13/06/2019 ,6155.2,,
14/06/2019 ,6069.6,,
15/06/2019 ,6069.6,,
16/06/2019 ,6069.6,,
17/06/2019 ,6089.3,,
18/06/2019 ,6003.7,,
19/06/2019 ,6049.8,,
20/06/2019 ,6142,,
21/06/2019 ,6115.7,,
22/06/2019 ,6115.7,,
23/06/2019 ,6115.7,,
24/06/2019 ,6089.3,,
25/06/2019 ,6082.7,,
26/06/2019 ,6082.7,,
27/06/2019 ,6056.4,,
28/06/2019 ,6003.7,,
29/06/2019 ,6003.7,,
30/06/2019 ,6003.7,,
01/07/2019 ,6082.7,,
02/07/2019 ,6056.4,,
03/07/2019 ,6056.4,,
04/07/2019 ,6076.2,,
05/07/2019 ,6056.4,,
06/07/2019 ,6056.4,,
07/07/2019 ,6056.4,,
08/07/2019 ,6089.3,,
09/07/2019 ,6082.7,,
10/07/2019 ,6109.1,,
11/07/2019 ,6102.5,,
12/07/2019 ,6115.7,,
13/07/2019 ,6115.7,,
14/07/2019 ,6115.7,,
15/07/2019 ,6122.2,,
16/07/2019 ,6115.7,,
17/07/2019 ,6115.7,,
18/07/2019 ,6109.1,,
19/07/2019 ,6109.1,,
20/07/2019 ,6109.1,,
21/07/2019 ,6109.1,,
22/07/2019 ,6082.7,,
23/07/2019 ,6056.4,,
24/07/2019 ,6056.4,,
25/07/2019 ,6056.4,,
26/07/2019 ,6003.7,,
27/07/2019 ,6003.7,,
28/07/2019 ,6003.7,,
29/07/2019 ,6036.7,,
30/07/2019 ,6016.9,,
31/07/2019 ,6003.7,,
01/08/2019 ,5977.4,,
02/08/2019 ,5970.8,,
03/08/2019 ,5970.8,,
04/08/2019 ,5970.8,,
05/08/2019 ,5911.6,,
06/08/2019 ,5852.3,,
07/08/2019 ,5852.3,,
08/08/2019 ,5924.7,,
09/08/2019 ,5924.7,,
10/08/2019 ,5924.7,,
11/08/2019 ,5924.7,,
12/08/2019 ,5918.2,,
13/08/2019 ,5911.6,,
14/08/2019 ,5898.4,,
15/08/2019 ,5845.7,,
16/08/2019 ,6056.4,,
17/08/2019 ,6056.4,,
18/08/2019 ,6056.4,,
19/08/2019 ,5918.2,,
20/08/2019 ,5918.2,,
21/08/2019 ,5905,,
22/08/2019 ,5905,,
23/08/2019 ,5898.4,,
24/08/2019 ,5898.4,,
25/08/2019 ,5898.4,,
26/08/2019 ,5891.8,,
27/08/2019 ,5858.9,,
28/08/2019 ,5905,,
29/08/2019 ,5885.2,,
30/08/2019 ,6253.9,,
31/08/2019 ,6253.9,,
01/09/2019 ,6253.9,,
02/09/2019 ,6253.9,,
03/09/2019 ,6253.9,,
04/09/2019 ,6207.8,,
05/09/2019 ,6174.9,,
06/09/2019 ,6168.3,,
07/09/2019 ,6168.3,,
08/09/2019 ,6168.3,,
09/09/2019 ,6214.4,,
10/09/2019 ,6201.2,,
11/09/2019 ,6188.1,,
12/09/2019 ,6188.1,,
13/09/2019 ,6320.7,,
14/09/2019 ,6320.7,,
15/09/2019 ,6320.7,,
16/09/2019 ,6298.6,,
17/09/2019 ,6188.1,,
18/09/2019 ,6180.7,,
19/09/2019 ,6188.1,,
20/09/2019 ,6188.1,,
21/09/2019 ,6188.1,,
22/09/2019 ,6188.1,,
23/09/2019 ,6180.7,,
24/09/2019 ,6084.9,,
25/09/2019 ,6188.1,,
26/09/2019 ,6217.5,,
27/09/2019 ,6217.5,,
28/09/2019 ,6217.5,,
29/09/2019 ,6217.5,,
30/09/2019 ,6298.6,,
01/10/2019 ,6261.7,,
02/10/2019 ,6224.9,,
03/10/2019 ,6188.1,,
04/10/2019 ,6180.7,,
05/10/2019 ,6180.7,,
06/10/2019 ,6180.7,,
07/10/2019 ,6158.6,,
08/10/2019 ,6151.2,,
09/10/2019 ,6114.4,,
10/10/2019 ,6107,,
11/10/2019 ,6107,,
12/10/2019 ,6107,,
13/10/2019 ,6107,,
14/10/2019 ,6092.3,,
15/10/2019 ,6092.3,,
16/10/2019 ,6084.9,,
17/10/2019 ,6003.9,,
18/10/2019 ,6040.7,,
19/10/2019 ,6040.7,,
20/10/2019 ,6040.7,,
21/10/2019 ,6033.4,,
22/10/2019 ,5967.1,,
23/10/2019 ,5908.1,,
24/10/2019 ,5908.1,,
25/10/2019 ,5908.1,,
26/10/2019 ,5908.1,,
27/10/2019 ,5908.1,,
28/10/2019 ,5886,,
29/10/2019 ,5878.7,,
30/10/2019 ,5878.7,,
31/10/2019 ,5871.3,,
01/11/2019 ,5856.6,,
02/11/2019 ,5856.6,,
03/11/2019 ,5856.6,,
04/11/2019 ,5841.8,,
05/11/2019 ,5834.5,,
06/11/2019 ,5834.5,,
07/11/2019 ,5819.7,,
08/11/2019 ,5812.4,,
09/11/2019 ,5812.4,,
10/11/2019 ,5812.4,,
11/11/2019 ,5790.3,,
12/11/2019 ,5790.3,,
13/11/2019 ,5760.8,,
14/11/2019 ,5760.8,,
15/11/2019 ,5738.7,,
16/11/2019 ,5738.7,,
17/11/2019 ,5738.7,,
18/11/2019 ,5819.7,,
19/11/2019 ,5819.7,,
20/11/2019 ,5819.7,,
21/11/2019 ,5819.7,,
22/11/2019 ,5782.9,,
23/11/2019 ,5782.9,,
24/11/2019 ,5782.9,,
25/11/2019 ,5790.3,,
26/11/2019 ,5746.1,,
27/11/2019 ,5746.1,,
28/11/2019 ,5805,,
29/11/2019 ,5805,,
30/11/2019 ,5805,,
01/12/2019 ,5805,,
02/12/2019 ,5812.4,,
03/12/2019 ,5746.1,,
04/12/2019 ,5812.4,,
05/12/2019 ,5782.9,,
06/12/2019 ,5746.1,,
07/12/2019 ,5746.1,,
08/12/2019 ,5746.1,,
09/12/2019 ,5746.1,,
10/12/2019 ,5731.3,,
11/12/2019 ,5672.4,,
12/12/2019 ,5672.4,,
13/12/2019 ,5672.4,,
14/12/2019 ,5672.4,,
15/12/2019 ,5672.4,,
16/12/2019 ,5665,,
17/12/2019 ,5650.3,,
18/12/2019 ,5650.3,,
19/12/2019 ,5363,,
20/12/2019 ,5370.4,,
21/12/2019 ,5370.4,,
22/12/2019 ,5370.4,,
23/12/2019 ,5444,,
24/12/2019 ,5444,,
25/12/2019 ,5414.6,,
26/12/2019 ,5392.5,,
27/12/2019 ,5377.7,,
28/12/2019 ,5377.7,,
29/12/2019 ,5377.7,,
30/12/2019 ,5377.7,,
31/12/2019 ,5451.4,,
01/01/2020 ,5451.4,,
02/01/2020 ,5421.9,,
03/01/2020 ,5407.2,,
04/01/2020 ,5407.2,,
05/01/2020 ,5407.2,,
06/01/2020 ,5267.2,,
07/01/2020 ,5267.2,,
08/01/2020 ,5252.5,,
09/01/2020 ,5304.1,,
10/01/2020 ,5304.1,,
11/01/2020 ,5304.1,,
12/01/2020 ,5304.1,,
13/01/2020 ,5377.7,,
14/01/2020 ,5355.6,,
15/01/2020 ,5326.2,,
16/01/2020 ,5326.2,,
17/01/2020 ,5230.4,,
18/01/2020 ,5230.4,,
19/01/2020 ,5230.4,,
20/01/2020 ,5296.7,,
21/01/2020 ,5304.1,,
22/01/2020 ,5444,,
23/01/2020 ,5444,,
24/01/2020 ,5444,,
25/01/2020 ,5444,,
26/01/2020 ,5444,,
27/01/2020 ,5444,,
28/01/2020 ,5444,,
29/01/2020 ,5444,,
30/01/2020 ,5304.1,,
31/01/2020 ,5451.4,,
01/02/2020 ,5451.4,,
02/02/2020 ,5451.4,,
03/02/2020 ,5267.2,,
04/02/2020 ,5230.4,,
05/02/2020 ,5193.6,,
06/02/2020 ,5296.7,,
07/02/2020 ,5112.5,,
08/02/2020 ,5112.5,,
09/02/2020 ,5112.5,,
10/02/2020 ,5208.3,,
11/02/2020 ,5164.1,,
12/02/2020 ,5193.6,,
13/02/2020 ,5193.6,,
14/02/2020 ,5186.2,,
15/02/2020 ,5186.2,,
16/02/2020 ,5186.2,,
17/02/2020 ,5156.7,,
18/02/2020 ,5142,,
19/02/2020 ,5156.7,,
20/02/2020 ,5149.4,,
21/02/2020 ,5134.6,,
22/02/2020 ,5134.6,,
23/02/2020 ,5134.6,,
24/02/2020 ,4972.6,,
25/02/2020 ,5002,,
26/02/2020 ,5002,,
27/02/2020 ,5038.9,,
28/02/2020 ,5009.4,,
29/02/2020 ,5009.4,,
01/03/2020 ,5009.4,,
02/03/2020 ,5009.4,,
03/03/2020 ,5083.1,,
04/03/2020 ,5083.1,,
05/03/2020 ,5156.7,,
06/03/2020 ,5142,,
07/03/2020 ,5142,,
08/03/2020 ,5142,,
09/03/2020 ,4935.7,,
10/03/2020 ,5053.6,,
11/03/2020 ,4935.7,,
12/03/2020 ,4773.7,,
13/03/2020 ,4707.4,,
14/03/2020 ,4707.4,,
15/03/2020 ,4707.4,,
16/03/2020 ,4641,,
17/03/2020 ,4641,,
18/03/2020 ,4965.2,,
19/03/2020 ,4921,,
20/03/2020 ,4773.7,,
21/03/2020 ,4773.7,,
22/03/2020 ,4773.7,,
23/03/2020 ,4442.1,,
24/03/2020 ,4272.7,,
25/03/2020 ,4339,,
26/03/2020 ,4294.8,,
27/03/2020 ,4059.1,,
28/03/2020 ,4059.1,,
29/03/2020 ,4059.1,,
30/03/2020 ,3830.7,,
31/03/2020 ,3904.4,,
01/04/2020 ,4169.6,,
02/04/2020 ,4169.6,,
03/04/2020 ,4235.9,,
04/04/2020 ,4235.9,,
05/04/2020 ,4235.9,,
06/04/2020 ,4434.8,,
07/04/2020 ,4405.3,,
08/04/2020 ,4375.8,,
09/04/2020 ,4523.2,,
10/04/2020 ,4523.2,,
11/04/2020 ,4523.2,,
12/04/2020 ,4523.2,,
13/04/2020 ,4530.5,,
14/04/2020 ,4515.8,,
15/04/2020 ,4670.5,,
16/04/2020 ,4633.7,,
17/04/2020 ,4604.2,,
18/04/2020 ,4604.2,,
19/04/2020 ,4604.2,,
20/04/2020 ,4567.4,,
21/04/2020 ,4353.7,,
22/04/2020 ,4353.7,,
23/04/2020 ,4265.3,,
24/04/2020 ,4272.7,,
25/04/2020 ,4272.7,,
26/04/2020 ,4272.7,,
27/04/2020 ,4191.7,,
28/04/2020 ,4191.7,,
29/04/2020 ,4184.3,,
30/04/2020 ,4184.3,,
01/05/2020 ,4184.3,,
02/05/2020 ,4184.3,,
03/05/2020 ,4184.3,,
04/05/2020 ,4014.9,,
05/05/2020 ,4000.1,,
06/05/2020 ,4103.3,,
07/05/2020 ,4103.3,,
08/05/2020 ,4162.2,,
09/05/2020 ,4162.2,,
10/05/2020 ,4162.2,,
11/05/2020 ,4213.8,,
12/05/2020 ,4456.9,,
13/05/2020 ,4420,,
14/05/2020 ,4493.7,,
15/05/2020 ,4479,,
16/05/2020 ,4479,,
17/05/2020 ,4479,,
18/05/2020 ,4479,,
19/05/2020 ,4493.7,,
20/05/2020 ,4530.5,,
21/05/2020 ,4611.6,,
22/05/2020 ,4618.9,,
23/05/2020 ,4618.9,,
24/05/2020 ,4618.9,,
25/05/2020 ,4611.6,,
26/05/2020 ,4751.6,,
27/05/2020 ,4714.7,,
28/05/2020 ,4751.6,,
29/05/2020 ,4773.7,,
30/05/2020 ,4773.7,,
31/05/2020 ,4773.7,,
01/06/2020 ,5046.2,,
02/06/2020 ,5046.2,,
03/06/2020 ,5046.2,,
04/06/2020 ,5392.5,,
05/06/2020 ,5598.7,,
06/06/2020 ,5598.7,,
07/06/2020 ,5598.7,,
08/06/2020 ,5878.7,,
09/06/2020 ,5709.2,,
10/06/2020 ,5709.2,,
11/06/2020 ,5451.4,,
12/06/2020 ,5296.7,,
13/06/2020 ,5296.7,,
14/06/2020 ,5296.7,,
15/06/2020 ,5009.4,,
16/06/2020 ,5237.8,,
17/06/2020 ,5193.6,,
18/06/2020 ,5230.4,,
19/06/2020 ,5267.2,,
20/06/2020 ,5267.2,,
21/06/2020 ,5267.2,,
22/06/2020 ,5444,,
23/06/2020 ,5561.9,,
24/06/2020 ,5591.4,,
25/06/2020 ,5665,,
26/06/2020 ,5635.6,,
27/06/2020 ,5635.6,,
28/06/2020 ,5635.6,,
29/06/2020 ,5377.7,,
30/06/2020 ,5377.7,,
01/07/2020 ,5451.4,,
02/07/2020 ,5436.7,,
03/07/2020 ,5429.3,,
04/07/2020 ,5429.3,,
05/07/2020 ,5429.3,,
06/07/2020 ,5436.7,,
07/07/2020 ,5436.7,,
08/07/2020 ,5436.7,,
09/07/2020 ,5451.4,,
10/07/2020 ,5429.3,,
11/07/2020 ,5429.3,,
12/07/2020 ,5429.3,,
13/07/2020 ,5429.3,,
14/07/2020 ,5429.3,,
15/07/2020 ,5444,,
16/07/2020 ,5392.5,,
17/07/2020 ,5414.6,,
18/07/2020 ,5414.6,,
19/07/2020 ,5414.6,,
20/07/2020 ,5340.9,,
21/07/2020 ,5348.3,,
22/07/2020 ,5304.1,,
23/07/2020 ,5296.7,,
24/07/2020 ,4928.4,,
25/07/2020 ,4928.4,,
26/07/2020 ,4928.4,,
27/07/2020 ,4589.5,,
28/07/2020 ,4714.7,,
29/07/2020 ,4626.3,,
30/07/2020 ,4641,,
31/07/2020 ,4626.3,,
01/08/2020 ,4626.3,,
02/08/2020 ,4626.3,,
03/08/2020 ,4692.6,,
04/08/2020 ,4677.9,,
05/08/2020 ,4714.7,,
06/08/2020 ,4722.1,,
07/08/2020 ,4722.1,,
08/08/2020 ,4722.1,,
09/08/2020 ,4722.1,,
10/08/2020 ,4744.2,,
11/08/2020 ,4744.2,,
12/08/2020 ,4714.7,,
13/08/2020 ,4773.7,,
14/08/2020 ,4700,,
15/08/2020 ,4700,,
16/08/2020 ,4700,,
17/08/2020 ,4700,,
18/08/2020 ,4692.6,,
19/08/2020 ,4788.4,,
20/08/2020 ,4803.1,,
21/08/2020 ,4898.9,,
22/08/2020 ,4898.9,,
23/08/2020 ,4898.9,,
24/08/2020 ,4972.6,,
25/08/2020 ,4972.6,,
26/08/2020 ,4987.3,,
27/08/2020 ,5002,,
28/08/2020 ,5009.4,,
29/08/2020 ,5009.4,,
30/08/2020 ,5009.4,,
31/08/2020 ,4972.6,,
01/09/2020 ,5009.4,,
02/09/2020 ,5009.4,,
03/09/2020 ,5009.4,,
04/09/2020 ,5355.6,,
05/09/2020 ,5355.6,,
06/09/2020 ,5355.6,,
07/09/2020 ,5385.1,,
08/09/2020 ,5377.7,,
09/09/2020 ,5340.9,,
10/09/2020 ,5348.3,,
11/09/2020 ,5377.7,,
12/09/2020 ,5377.7,,
13/09/2020 ,5377.7,,
14/09/2020 ,5414.6,,
15/09/2020 ,5473.5,,
16/09/2020 ,5444,,
17/09/2020 ,5495.6,,
18/09/2020 ,5657.7,,
19/09/2020 ,5657.7,,
20/09/2020 ,5657.7,,
21/09/2020 ,5679.8,,
22/09/2020 ,5576.6,,
23/09/2020 ,5561.9,,
24/09/2020 ,5561.9,,
25/09/2020 ,5532.4,,
26/09/2020 ,5532.4,,
27/09/2020 ,5532.4,,
28/09/2020 ,5547.2,,
29/09/2020 ,5525.1,,
30/09/2020 ,5510.3,,
01/10/2020 ,5746.1,,
02/10/2020 ,5805,,
03/10/2020 ,5805,,
04/10/2020 ,5805,,
05/10/2020 ,5819.7,,
06/10/2020 ,5805,,
07/10/2020 ,5724,,
08/10/2020 ,5716.6,,
09/10/2020 ,5672.4,,
10/10/2020 ,5672.4,,
11/10/2020 ,5672.4,,
12/10/2020 ,5569.3,,
13/10/2020 ,5569.3,,
14/10/2020 ,5598.7,,
15/10/2020 ,5569.3,,
16/10/2020 ,5598.7,,
17/10/2020 ,5598.7,,
18/10/2020 ,5598.7,,
19/10/2020 ,5709.2,,
20/10/2020 ,5701.9,,
21/10/2020 ,5650.3,,
22/10/2020 ,5598.7,,
23/10/2020 ,5554.5,,
24/10/2020 ,5554.5,,
25/10/2020 ,5554.5,,
26/10/2020 ,5458.8,,
27/10/2020 ,5407.2,,
28/10/2020 ,5230.4,,
29/10/2020 ,5267.2,,
30/10/2020 ,5267.2,,
31/10/2020 ,5267.2,,
01/11/2020 ,5267.2,,
02/11/2020 ,5267.2,,
03/11/2020 ,5296.7,,
04/11/2020 ,5340.9,,
05/11/2020 ,5296.7,,
06/11/2020 ,5282,,
07/11/2020 ,5282,,
08/11/2020 ,5282,,
09/11/2020 ,5304.1,,
10/11/2020 ,5377.7,,
11/11/2020 ,5363,,
12/11/2020 ,5355.6,,
13/11/2020 ,5318.8,,
14/11/2020 ,5318.8,,
15/11/2020 ,5318.8,,
16/11/2020 ,5421.9,,
17/11/2020 ,5797.6,,
18/11/2020 ,6202.8,,
19/11/2020 ,6556.4,,
20/11/2020 ,6320.7,,
21/11/2020 ,6320.7,,
22/11/2020 ,6320.7,,
23/11/2020 ,6475.4,,
24/11/2020 ,6261.7,,
25/11/2020 ,6166,,
26/11/2020 ,6372.2,,
27/11/2020 ,6409.1,,
28/11/2020 ,6409.1,,
29/11/2020 ,6409.1,,
30/11/2020 ,6305.9,,
01/12/2020 ,6335.4,,
02/12/2020 ,6777.4,,
03/12/2020 ,6932.1,,
04/12/2020 ,6814.2,,
05/12/2020 ,6814.2,,
06/12/2020 ,6814.2,,
07/12/2020 ,6998.4,,
08/12/2020 ,7189.9,,
09/12/2020 ,7661.4,,
10/12/2020 ,7293.1,,
11/12/2020 ,7661.4,,
12/12/2020 ,7661.4,,
13/12/2020 ,7661.4,,
14/12/2020 ,8177.1,,
15/12/2020 ,8103.4,,
16/12/2020 ,8103.4,,
17/12/2020 ,8177.1,,
18/12/2020 ,8582.3,,
19/12/2020 ,8582.3,,
20/12/2020 ,8582.3,,
21/12/2020 ,9171.6,,
22/12/2020 ,9797.8,,
23/12/2020 ,9576.8,,
24/12/2020 ,9760.9,,
25/12/2020 ,10423.9,,
26/12/2020 ,10423.9,,
27/12/2020 ,10423.9,,
28/12/2020 ,11123.8,,
29/12/2020 ,11344.8,,
30/12/2020 ,10902.8,,
31/12/2020 ,11639.5,,
01/01/2021 ,11639.5,,
02/01/2021 ,11639.5,,
03/01/2021 ,11639.5,,
04/01/2021 ,12449.8,,
05/01/2021 ,13223.3,,
06/01/2021 ,13112.8,,
07/01/2021 ,13149.6,,
08/01/2021 ,12891.8,,
09/01/2021 ,12891.8,,
10/01/2021 ,12891.8,,
11/01/2021 ,12597.1,,
12/01/2021 ,12560.3,,
13/01/2021 ,11860.5,,
14/01/2021 ,12670.8,,
15/01/2021 ,13407.5,,
16/01/2021 ,13407.5,,
17/01/2021 ,13407.5,,
18/01/2021 ,13149.6,,
19/01/2021 ,12265.6,,
20/01/2021 ,11786.8,,
21/01/2021 ,12302.5,,
22/01/2021 ,11786.8,,
23/01/2021 ,11786.8,,
24/01/2021 ,11786.8,,
25/01/2021 ,11602.6,,
26/01/2021 ,10792.3,,
27/01/2021 ,10055.6,,
28/01/2021 ,9355.8,,
29/01/2021 ,9466.3,,
30/01/2021 ,9466.3,,
31/01/2021 ,9466.3,,
01/02/2021 ,8840.1,,
02/02/2021 ,8803.3,,
03/02/2021 ,9392.6,,
04/02/2021 ,10018.8,,
05/02/2021 ,10718.6,,
06/02/2021 ,10718.6,,
07/02/2021 ,10718.6,,
08/02/2021 ,10387.1,,
09/02/2021 ,10755.4,,
10/02/2021 ,10755.4,,
11/02/2021 ,10755.4,,
12/02/2021 ,10755.4,,
13/02/2021 ,10755.4,,
14/02/2021 ,10755.4,,
15/02/2021 ,10755.4,,
16/02/2021 ,10755.4,,
17/02/2021 ,11050.1,,
18/02/2021 ,10681.8,,
19/02/2021 ,10681.8,,
20/02/2021 ,10681.8,,
21/02/2021 ,10681.8,,
22/02/2021 ,10681.8,,
23/02/2021 ,10939.6,,
24/02/2021 ,11197.5,,
25/02/2021 ,11123.8,,
26/02/2021 ,11013.3,,
27/02/2021 ,11013.3,,
28/02/2021 ,11013.3,,
01/03/2021 ,11565.8,,
02/03/2021 ,11381.6,,
03/03/2021 ,11455.3,,
04/03/2021 ,10865.9,,
05/03/2021 ,11344.8,,
06/03/2021 ,11344.8,,
07/03/2021 ,11344.8,,
08/03/2021 ,11602.6,,
09/03/2021 ,11492.1,,
10/03/2021 ,11492.1,,
11/03/2021 ,12265.6,,
12/03/2021 ,12376.1,,
13/03/2021 ,12376.1,,
14/03/2021 ,12376.1,,
15/03/2021 ,12449.8,,
16/03/2021 ,12081.5,,
17/03/2021 ,12376.1,,
18/03/2021 ,12670.8,,
19/03/2021 ,12707.6,,
20/03/2021 ,12707.6,,
21/03/2021 ,12707.6,,
22/03/2021 ,12413,,
23/03/2021 ,12007.8,,
24/03/2021 ,11455.3,,
25/03/2021 ,11308,,
26/03/2021 ,11529,,
27/03/2021 ,11529,,
28/03/2021 ,11529,,
29/03/2021 ,11786.8,,
30/03/2021 ,11971,,
31/03/2021 ,12192,,
01/04/2021 ,12670.8,,
02/04/2021 ,12744.5,,
03/04/2021 ,12744.5,,
04/04/2021 ,12744.5,,
05/04/2021 ,12928.6,,
06/04/2021 ,12634,,
07/04/2021 ,12707.6,,
08/04/2021 ,12670.8,,
09/04/2021 ,12523.5,,
10/04/2021 ,12523.5,,
11/04/2021 ,12523.5,,
12/04/2021 ,12928.6,,
13/04/2021 ,12670.8,,
14/04/2021 ,12781.3,,
15/04/2021 ,12597.1,,
16/04/2021 ,12192,,
17/04/2021 ,12192,,
18/04/2021 ,12192,,
19/04/2021 ,12339.3,,
20/04/2021 ,12192,,
21/04/2021 ,12192,,
22/04/2021 ,11344.8,,
23/04/2021 ,11713.1,,
24/04/2021 ,11713.1,,
25/04/2021 ,11713.1,,
26/04/2021 ,11050.1,,
27/04/2021 ,10755.4,,
28/04/2021 ,10755.4,,
29/04/2021 ,10755.4,,
30/04/2021 ,10755.4,,
01/05/2021 ,10755.4,,
02/05/2021 ,10755.4,,
03/05/2021 ,10755.4,,
04/05/2021 ,10644.9,,
05/05/2021 ,11381.6,,
06/05/2021 ,11160.6,,
07/05/2021 ,10865.9,,
08/05/2021 ,10865.9,,
09/05/2021 ,10865.9,,
10/05/2021 ,11418.5,,
11/05/2021 ,11381.6,,
12/05/2021 ,11418.5,,
13/05/2021 ,11529,,
14/05/2021 ,11602.6,,
15/05/2021 ,11602.6,,
16/05/2021 ,11602.6,,
17/05/2021 ,11344.8,,
18/05/2021 ,11087,,
19/05/2021 ,10976.5,,
20/05/2021 ,11713.1,,
21/05/2021 ,11934.1,,
22/05/2021 ,11934.1,,
23/05/2021 ,11934.1,,
24/05/2021 ,12192,,
25/05/2021 ,12707.6,,
26/05/2021 ,12818.1,,
27/05/2021 ,12302.5,,
28/05/2021 ,13149.6,,
29/05/2021 ,13149.6,,
30/05/2021 ,13149.6,,
31/05/2021 ,14033.6,,
01/06/2021 ,14991.3,,
02/06/2021 ,15543.8,,
03/06/2021 ,16612,,
04/06/2021 ,17680.2,,
05/06/2021 ,17680.2,,
06/06/2021 ,17680.2,,
07/06/2021 ,16464.7,,
08/06/2021 ,15322.8,,
09/06/2021 ,16354.2,,
10/06/2021 ,15617.5,,
11/06/2021 ,15838.5,,
12/06/2021 ,15838.5,,
13/06/2021 ,15838.5,,
14/06/2021 ,16648.8,,
15/06/2021 ,16833,,
16/06/2021 ,16427.8,,
17/06/2021 ,16206.8,,
18/06/2021 ,16206.8,,
19/06/2021 ,16206.8,,
20/06/2021 ,16206.8,,
21/06/2021 ,16133.2,,
22/06/2021 ,16206.8,,
23/06/2021 ,16427.8,,
24/06/2021 ,17017.2,,
25/06/2021 ,17606.5,,
26/06/2021 ,17606.5,,
27/06/2021 ,17606.5,,
28/06/2021 ,17790.7,,
29/06/2021 ,17680.2,,
30/06/2021 ,17090.8,,
01/07/2021 ,18269.5,,
02/07/2021 ,19079.9,,
03/07/2021 ,19079.9,,
04/07/2021 ,19079.9,,
05/07/2021 ,18637.9,,
06/07/2021 ,17348.7,,
07/07/2021 ,17532.9,,
08/07/2021 ,16943.5,,
09/07/2021 ,15764.8,,
10/07/2021 ,15764.8,,
11/07/2021 ,15764.8,,
12/07/2021 ,14696.7,,
13/07/2021 ,14954.5,,
14/07/2021 ,14512.5,,
15/07/2021 ,15507,,
16/07/2021 ,15249.2,,
17/07/2021 ,15249.2,,
18/07/2021 ,15249.2,,
19/07/2021 ,14217.8,,
20/07/2021 ,15175.5,,
21/07/2021 ,14733.5,,
22/07/2021 ,15028.2,,
23/07/2021 ,14880.8,,
24/07/2021 ,14880.8,,
25/07/2021 ,14880.8,,
26/07/2021 ,14991.3,,
27/07/2021 ,15175.5,,
28/07/2021 ,15065,,
29/07/2021 ,15617.5,,
30/07/2021 ,15985.8,,
31/07/2021 ,15985.8,,
01/08/2021 ,15985.8,,
02/08/2021 ,15838.5,,
03/08/2021 ,16427.8,,
04/08/2021 ,16427.8,,
05/08/2021 ,16538.3,,
06/08/2021 ,16133.2,,
07/08/2021 ,16133.2,,
08/08/2021 ,16133.2,,
09/08/2021 ,16906.7,,
10/08/2021 ,16943.5,,
11/08/2021 ,16575.2,,
12/08/2021 ,16575.2,,
13/08/2021 ,16943.5,,
14/08/2021 ,16943.5,,
15/08/2021 ,16943.5,,
16/08/2021 ,18122.2,,
17/08/2021 ,18269.5,,
18/08/2021 ,18490.5,,
19/08/2021 ,19779.7,,
20/08/2021 ,20921.6,,
21/08/2021 ,20921.6,,
22/08/2021 ,20921.6,,
23/08/2021 ,22358.1,,
24/08/2021 ,20811.1,,
25/08/2021 ,21289.9,,
26/08/2021 ,21068.9,,
27/08/2021 ,21584.6,,
28/08/2021 ,21584.6,,
29/08/2021 ,21584.6,,
30/08/2021 ,21916.1,,
31/08/2021 ,21658.2,,
01/09/2021 ,22358.1,,
02/09/2021 ,22358.1,,
03/09/2021 ,22358.1,,
04/09/2021 ,22358.1,,
05/09/2021 ,22358.1,,
06/09/2021 ,23573.6,,
07/09/2021 ,23278.9,,
08/09/2021 ,22468.6,,
09/09/2021 ,22615.9,,
10/09/2021 ,22210.7,,
11/09/2021 ,22210.7,,
12/09/2021 ,22210.7,,
13/09/2021 ,21437.2,,
14/09/2021 ,20479.6,,
15/09/2021 ,20958.4,,
16/09/2021 ,20921.6,,
17/09/2021 ,21805.6,,
18/09/2021 ,21805.6,,
19/09/2021 ,21805.6,,
20/09/2021 ,21216.2,,
21/09/2021 ,20626.9,,
22/09/2021 ,20737.4,,
23/09/2021 ,20737.4,,
24/09/2021 ,20332.2,,
25/09/2021 ,20332.2,,
26/09/2021 ,20332.2,,
27/09/2021 ,19374.5,,
28/09/2021 ,20332.2,,
29/09/2021 ,19890.2,,
30/09/2021 ,19963.9,,
01/10/2021 ,19448.2,,
02/10/2021 ,19448.2,,
03/10/2021 ,19448.2,,
04/10/2021 ,19227.2,,
05/10/2021 ,20553.2,,
06/10/2021 ,20553.2,,
07/10/2021 ,20958.4,,
08/10/2021 ,20811.1,,
09/10/2021 ,20811.1,,
10/10/2021 ,20811.1,,
11/10/2021 ,21142.6,,
12/10/2021 ,20995.2,,
13/10/2021 ,20774.2,,
14/10/2021 ,21068.9,,
15/10/2021 ,20995.2,,
16/10/2021 ,20995.2,,
17/10/2021 ,20995.2,,
18/10/2021 ,21510.9,,
19/10/2021 ,21805.6,,
20/10/2021 ,21179.4,,
21/10/2021 ,20847.9,,
22/10/2021 ,20111.2,,
23/10/2021 ,20111.2,,
24/10/2021 ,20111.2,,
25/10/2021 ,20111.2,,
26/10/2021 ,20405.9,,
27/10/2021 ,20626.9,,
28/10/2021 ,21142.6,,
29/10/2021 ,21253.1,,
30/10/2021 ,21253.1,,
31/10/2021 ,21253.1,,
01/11/2021 ,22726.4,,
02/11/2021 ,23352.6,,
03/11/2021 ,21805.6,,
04/11/2021 ,23315.7,,
05/11/2021 ,23905.1,,
06/11/2021 ,23905.1,,
07/11/2021 ,23905.1,,
08/11/2021 ,25562.6,,
09/11/2021 ,26667.6,,
10/11/2021 ,26704.5,,
11/11/2021 ,27993.6,,
12/11/2021 ,29945.8,,
13/11/2021 ,29945.8,,
14/11/2021 ,29945.8,,
15/11/2021 ,30940.3,,
16/11/2021 ,31677,,
17/11/2021 ,31529.7,,
18/11/2021 ,33702.9,,
19/11/2021 ,32782,,
20/11/2021 ,32782,,
21/11/2021 ,32782,,
22/11/2021 ,31382.3,,
23/11/2021 ,32782,,
24/11/2021 ,33150.4,,
25/11/2021 ,34992,,
26/11/2021 ,34623.7,,
27/11/2021 ,34623.7,,
28/11/2021 ,34623.7,,
29/11/2021 ,34918.4,,
30/11/2021 ,33887,,
01/12/2021 ,32855.7,,
02/12/2021 ,32340,,
03/12/2021 ,30093.2,,
04/12/2021 ,30093.2,,
05/12/2021 ,30093.2,,
06/12/2021 ,27993.6,,
07/12/2021 ,28362,,
08/12/2021 ,29098.6,,
09/12/2021 ,29909,,
10/12/2021 ,29172.3,,
11/12/2021 ,29172.3,,
12/12/2021 ,29172.3,,
13/12/2021 ,29909,,
14/12/2021 ,30019.5,,
15/12/2021 ,29540.6,,
16/12/2021 ,28804,,
17/12/2021 ,30498.3,,
18/12/2021 ,30498.3,,
19/12/2021 ,30498.3,,
20/12/2021 ,31419.2,,
21/12/2021 ,30756.2,,
22/12/2021 ,30056.3,,
23/12/2021 ,28214.6,,
24/12/2021 ,29246,,
25/12/2021 ,29246,,
26/12/2021 ,29246,,
27/12/2021 ,29540.6,,
28/12/2021 ,29651.1,,
29/12/2021 ,31713.8,,
30/12/2021 ,33923.9,,
31/12/2021 ,34144.9,,
01/01/2022 ,34144.9,,
02/01/2022 ,34144.9,,
03/01/2022 ,34144.9,,
04/01/2022 ,35213,,
05/01/2022 ,36760.1,,
06/01/2022 ,36244.4,,
07/01/2022 ,35360.4,,
08/01/2022 ,35360.4,,
09/01/2022 ,35360.4,,
10/01/2022 ,32892.5,,
11/01/2022 ,30940.3,,
12/01/2022 ,33076.7,,
13/01/2022 ,31898,,
14/01/2022 ,32782,,
15/01/2022 ,32782,,
16/01/2022 ,32782,,
17/01/2022 ,30498.3,,
18/01/2022 ,28398.8,,
19/01/2022 ,28435.6,,
20/01/2022 ,29172.3,,
21/01/2022 ,28141,,
22/01/2022 ,28141,,
23/01/2022 ,28141,,
24/01/2022 ,26188.8,,
25/01/2022 ,24899.6,,
26/01/2022 ,25562.6,,
27/01/2022 ,26151.9,,
28/01/2022 ,25709.9,,
29/01/2022 ,25709.9,,
30/01/2022 ,25709.9,,
31/01/2022 ,25709.9,,
01/02/2022 ,25709.9,,
02/02/2022 ,25709.9,,
03/02/2022 ,25709.9,,
04/02/2022 ,25709.9,,
05/02/2022 ,25709.9,,
06/02/2022 ,25709.9,,
07/02/2022 ,26225.6,,
08/02/2022 ,26925.5,,
09/02/2022 ,27956.8,,
10/02/2022 ,27588.5,,
11/02/2022 ,27699,,
12/02/2022 ,27699,,
13/02/2022 ,27699,,
14/02/2022 ,26151.9,,
15/02/2022 ,26372.9,,
16/02/2022 ,26999.1,,
17/02/2022 ,26851.8,,
18/02/2022 ,27404.3,,
19/02/2022 ,27404.3,,
20/02/2022 ,27404.3,,
21/02/2022 ,28435.6,,
22/02/2022 ,27735.8,,
23/02/2022 ,27956.8,,
24/02/2022 ,28288.3,,
25/02/2022 ,29909,,
26/02/2022 ,29909,,
27/02/2022 ,29909,,
28/02/2022 ,30056.3,,
01/03/2022 ,29835.3,,
02/03/2022 ,29025,,
03/03/2022 ,29467,,
04/03/2022 ,29467,,
05/03/2022 ,29467,,
06/03/2022 ,29467,,
07/03/2022 ,28951.3,,
08/03/2022 ,28509.3,,
09/03/2022 ,28067.3,,
10/03/2022 ,28435.6,,
11/03/2022 ,27404.3,,
12/03/2022 ,27404.3,,
13/03/2022 ,27404.3,,
14/03/2022 ,26225.6,,
15/03/2022 ,26520.3,,
16/03/2022 ,26888.6,,
17/03/2022 ,26851.8,,
18/03/2022 ,27220.1,,
19/03/2022 ,27220.1,,
20/03/2022 ,27220.1,,
21/03/2022 ,27625.3,,
22/03/2022 ,28288.3,,
23/03/2022 ,27772.6,,
24/03/2022 ,27588.5,,
25/03/2022 ,27330.6,,
26/03/2022 ,27330.6,,
27/03/2022 ,27330.6,,
28/03/2022 ,26772.2,,
29/03/2022 ,27209.8,,
30/03/2022 ,26891.6,,
31/03/2022 ,26772.2,,
01/04/2022 ,27567.8,,
02/04/2022 ,27567.8,,
03/04/2022 ,27567.8,,
04/04/2022 ,29477.3,,
05/04/2022 ,28880.6,,
06/04/2022 ,29039.7,,
07/04/2022 ,28244.1,,
08/04/2022 ,26652.9,,
09/04/2022 ,26652.9,,
10/04/2022 ,26652.9,,
11/04/2022 ,26652.9,,
12/04/2022 ,26096,,
13/04/2022 ,26652.9,,
14/04/2022 ,25976.6,,
15/04/2022 ,25379.9,,
16/04/2022 ,25379.9,,
17/04/2022 ,25379.9,,
18/04/2022 ,23629.6,,
19/04/2022 ,21998.6,,
20/04/2022 ,20765.4,,
21/04/2022 ,21322.3,,
22/04/2022 ,21322.3,,
23/04/2022 ,21322.3,,
24/04/2022 ,21322.3,,
25/04/2022 ,19850.4,,
26/04/2022 ,19810.6,,
27/04/2022 ,19810.6,,
28/04/2022 ,19731.1,,
29/04/2022 ,20049.3,,
30/04/2022 ,20049.3,,
01/05/2022 ,20049.3,,
02/05/2022 ,20049.3,,
03/05/2022 ,20049.3,,
04/05/2022 ,19094.6,,
05/05/2022 ,18895.7,,
06/05/2022 ,17582.9,,
07/05/2022 ,17582.9,,
08/05/2022 ,17582.9,,
09/05/2022 ,16389.5,,
10/05/2022 ,15753,,
11/05/2022 ,16150.9,,
12/05/2022 ,15037,,
13/05/2022 ,14002.7,,
14/05/2022 ,14002.7,,
15/05/2022 ,14002.7,,
16/05/2022 ,14321,,
17/05/2022 ,15315.5,,
18/05/2022 ,15832.6,,
19/05/2022 ,16866.9,,
20/05/2022 ,16946.5,,
21/05/2022 ,16946.5,,
22/05/2022 ,16946.5,,
23/05/2022 ,15912.2,,
24/05/2022 ,16310,,
25/05/2022 ,17264.7,,
26/05/2022 ,17742.1,,
27/05/2022 ,17543.2,,
28/05/2022 ,17543.2,,
29/05/2022 ,17543.2,,
30/05/2022 ,17463.6,,
31/05/2022 ,17224.9,,
01/06/2022 ,17224.9,,
02/06/2022 ,17065.8,,
03/06/2022 ,16866.9,,
04/06/2022 ,16866.9,,
05/06/2022 ,16866.9,,
06/06/2022 ,16707.8,,
07/06/2022 ,16150.9,,
08/06/2022 ,16787.3,,
09/06/2022 ,16986.2,,
10/06/2022 ,16071.3,,
11/06/2022 ,16071.3,,
12/06/2022 ,16071.3,,
13/06/2022 ,14957.4,,
14/06/2022 ,14082.3,,
15/06/2022 ,13127.5,,
16/06/2022 ,12411.5,,
17/06/2022 ,11576.1,,
18/06/2022 ,11576.1,,
19/06/2022 ,11576.1,,
20/06/2022 ,10780.5,,
21/06/2022 ,10820.3,,
22/06/2022 ,11576.1,,
23/06/2022 ,11536.3,,
24/06/2022 ,11775,,
25/06/2022 ,11775,,
26/06/2022 ,11775,,
27/06/2022 ,12570.6,,
28/06/2022 ,12729.7,,
29/06/2022 ,13008.2,,
30/06/2022 ,12133,,
01/07/2022 ,12729.7,,
02/07/2022 ,12729.7,,
03/07/2022 ,12729.7,,
04/07/2022 ,13286.7,,
05/07/2022 ,13008.2,,
06/07/2022 ,12331.9,,
07/07/2022 ,12133,,
08/07/2022 ,12888.9,,
09/07/2022 ,12888.9,,
10/07/2022 ,12888.9,,
11/07/2022 ,12888.9,,
12/07/2022 ,13525.3,,
13/07/2022 ,13366.2,,
14/07/2022 ,14281.2,,
15/07/2022 ,14082.3,,
16/07/2022 ,14082.3,,
17/07/2022 ,14082.3,,
18/07/2022 ,14042.5,,
19/07/2022 ,13764,,
20/07/2022 ,14679,,
21/07/2022 ,14400.5,,
22/07/2022 ,14042.5,,
23/07/2022 ,14042.5,,
24/07/2022 ,14042.5,,
25/07/2022 ,14042.5,,
26/07/2022 ,13684.5,,
27/07/2022 ,14002.7,,
28/07/2022 ,14519.9,,
29/07/2022 ,14718.8,,
30/07/2022 ,14718.8,,
31/07/2022 ,14718.8,,
01/08/2022 ,15713.3,,
02/08/2022 ,16031.5,,
03/08/2022 ,16548.7,,
04/08/2022 ,16588.4,,
05/08/2022 ,17503.4,,
06/08/2022 ,17503.4,,
07/08/2022 ,17503.4,,
08/08/2022 ,17423.8,,
09/08/2022 ,17503.4,,
10/08/2022 ,17423.8,,
11/08/2022 ,16707.8,,
12/08/2022 ,17543.2,,
13/08/2022 ,17543.2,,
14/08/2022 ,17543.2,,
15/08/2022 ,17662.5,,
16/08/2022 ,18378.6,,
17/08/2022 ,18736.6,,
18/08/2022 ,19373.1,,
19/08/2022 ,19094.6,,
20/08/2022 ,19094.6,,
21/08/2022 ,19094.6,,
22/08/2022 ,18219.4,,
23/08/2022 ,19094.6,,
24/08/2022 ,19800,,
25/08/2022 ,20100,,
26/08/2022 ,19600,,
27/08/2022 ,19600,,
28/08/2022 ,19600,,
29/08/2022 ,19100,,
30/08/2022 ,18600,,
31/08/2022 ,19100,,
01/09/2022 ,19100,,
02/09/2022 ,19100,,
03/09/2022 ,19100,,
04/09/2022 ,19100,,
05/09/2022 ,19300,,
06/09/2022 ,19500,,
07/09/2022 ,18800,,
08/09/2022 ,18600,,
09/09/2022 ,18950,,
10/09/2022 ,18950,,
11/09/2022 ,18950,,
12/09/2022 ,18650,,
13/09/2022 ,18650,,
14/09/2022 ,19200,,
15/09/2022 ,19000,,
16/09/2022 ,18000,,
17/09/2022 ,18000,,
18/09/2022 ,18000,,
19/09/2022 ,16750,,
20/09/2022 ,17300,,
21/09/2022 ,17100,,
22/09/2022 ,17850,,
23/09/2022 ,17800,,
24/09/2022 ,17800,,
25/09/2022 ,17800,,
26/09/2022 ,16600,,
27/09/2022 ,16600,,
28/09/2022 ,16600,,
29/09/2022 ,15600,,
30/09/2022 ,16450,,
01/10/2022 ,16450,,
02/10/2022 ,16450,,
03/10/2022 ,15300,,
04/10/2022 ,14650,,
05/10/2022 ,15350,,
06/10/2022 ,14300,,
07/10/2022 ,13300,,
08/10/2022 ,13300,,
09/10/2022 ,13300,,
10/10/2022 ,13800,,
11/10/2022 ,12850,,
12/10/2022 ,13200,,
13/10/2022 ,13250,,
14/10/2022 ,13700,,
15/10/2022 ,13700,,
16/10/2022 ,13700,,
17/10/2022 ,13500,,
18/10/2022 ,13600,,
19/10/2022 ,13600,,
20/10/2022 ,13150,,
21/10/2022 ,12250,,
22/10/2022 ,12250,,
23/10/2022 ,12250,,
24/10/2022 ,11400,,
25/10/2022 ,11000,,
26/10/2022 ,10250,,
27/10/2022 ,10950,,
28/10/2022 ,11200,,
29/10/2022 ,11200,,
30/10/2022 ,11200,,
31/10/2022 ,11150,,
01/11/2022 ,11850,,
02/11/2022 ,11850,,
03/11/2022 ,11650,,
04/11/2022 ,10850,,
05/11/2022 ,10850,,
06/11/2022 ,10850,,
07/11/2022 ,10100,,
08/11/2022 ,10150,,
09/11/2022 ,10050,,
10/11/2022 ,9350,,
11/11/2022 ,8700,,
12/11/2022 ,8700,,
13/11/2022 ,8700,,
14/11/2022 ,8100,,
15/11/2022 ,7540,,
16/11/2022 ,8060,,
17/11/2022 ,8620,,
18/11/2022 ,9010,,
19/11/2022 ,9010,,
20/11/2022 ,9010,,
21/11/2022 ,8880,,
22/11/2022 ,8950,,
23/11/2022 ,8330,,
24/11/2022 ,8420,,
25/11/2022 ,9000,,
26/11/2022 ,9000,,
27/11/2022 ,9000,,
28/11/2022 ,9630,,
29/11/2022 ,10300,,
30/11/2022 ,11000,,
01/12/2022 ,11250,,
02/12/2022 ,12000,,
03/12/2022 ,12000,,
04/12/2022 ,12000,,
05/12/2022 ,12800,,
06/12/2022 ,12900,,
07/12/2022 ,12500,,
08/12/2022 ,13350,,
09/12/2022 ,14250,,
10/12/2022 ,14250,,
11/12/2022 ,14250,,
12/12/2022 ,13300,,
13/12/2022 ,14200,,
14/12/2022 ,15100,,
15/12/2022 ,15150,,
16/12/2022 ,14900,,
17/12/2022 ,14900,,
18/12/2022 ,14900,,
19/12/2022 ,14650,,
20/12/2022 ,13800,,
21/12/2022 ,13200,,
22/12/2022 ,13700,,
23/12/2022 ,13450,,
24/12/2022 ,13450,,
25/12/2022 ,13450,,
26/12/2022 ,12550,,
27/12/2022 ,13400,,
28/12/2022 ,13600,,
29/12/2022 ,12700,,
30/12/2022 ,12650,,
31/12/2022 ,12650,,
01/01/2023 ,12650,,
02/01/2023 ,12650,,
03/01/2023 ,13500,,
04/01/2023 ,13750,,
05/01/2023 ,13800,,
06/01/2023 ,13700,,
07/01/2023 ,13700,,
08/01/2023 ,13700,,
09/01/2023 ,13700,,
10/01/2023 ,13750,,
11/01/2023 ,14350,,
12/01/2023 ,14200,,
13/01/2023 ,14400,,
14/01/2023 ,14400,,
15/01/2023 ,14400,,
16/01/2023 ,14500,,
17/01/2023 ,15300,,
18/01/2023 ,15450,,
19/01/2023 ,15450,,
20/01/2023 ,15450,,
21/01/2023 ,15450,,
22/01/2023 ,15450,,
23/01/2023 ,15450,,
24/01/2023 ,15450,,
25/01/2023 ,15450,,
26/01/2023 ,15450,,
27/01/2023 ,14700,,
28/01/2023 ,14700,,
29/01/2023 ,14700,,
30/01/2023 ,14600,,
31/01/2023 ,15150,,
01/02/2023 ,14100,,
02/02/2023 ,13550,,
03/02/2023 ,13500,,
04/02/2023 ,13500,,
05/02/2023 ,13500,,
06/02/2023 ,13600,,
07/02/2023 ,13500,,
08/02/2023 ,13800,,
09/02/2023 ,13800,,
10/02/2023 ,13450,,
11/02/2023 ,13450,,
12/02/2023 ,13450,,
13/02/2023 ,12550,,
14/02/2023 ,12750,,
15/02/2023 ,12850,,
16/02/2023 ,13400,,
17/02/2023 ,13300,,
18/02/2023 ,13300,,
19/02/2023 ,13300,,
20/02/2023 ,14200,,
21/02/2023 ,14300,,
22/02/2023 ,13400,,
23/02/2023 ,13500,,
24/02/2023 ,13000,,
25/02/2023 ,13000,,
26/02/2023 ,13000,,
27/02/2023 ,12200,,
28/02/2023 ,12350,,
01/03/2023 ,13150,,
02/03/2023 ,13050,,
03/03/2023 ,12550,,
04/03/2023 ,12550,,
05/03/2023 ,12550,,
06/03/2023 ,12600,,
07/03/2023 ,12850,,
08/03/2023 ,13300,,
09/03/2023 ,13400,,
10/03/2023 ,13400,,
11/03/2023 ,13400,,
12/03/2023 ,13400,,
13/03/2023 ,13100,,
14/03/2023 ,12650,,
15/03/2023 ,13500,,
16/03/2023 ,13900,,
17/03/2023 ,13850,,
18/03/2023 ,13850,,
19/03/2023 ,13850,,
20/03/2023 ,13450,,
21/03/2023 ,14200,,
22/03/2023 ,14300,,
23/03/2023 ,15000,,
24/03/2023 ,14900,,
25/03/2023 ,14900,,
26/03/2023 ,14900,,
27/03/2023 ,15350,,
28/03/2023 ,15400,,
29/03/2023 ,16000,,
30/03/2023 ,15800,,
31/03/2023 ,16750,,
01/04/2023 ,16750,,
02/04/2023 ,16750,,
03/04/2023 ,17100,,
04/04/2023 ,17300,,
05/04/2023 ,17300,,
06/04/2023 ,16500,,
07/04/2023 ,17600,,
08/04/2023 ,17600,,
09/04/2023 ,17600,,
10/04/2023 ,17400,,
11/04/2023 ,17800,,
12/04/2023 ,17000,,
13/04/2023 ,16700,,
14/04/2023 ,16400,,
15/04/2023 ,16400,,
16/04/2023 ,16400,,
17/04/2023 ,16650,,
18/04/2023 ,17650,,
19/04/2023 ,17200,,
20/04/2023 ,16850,,
21/04/2023 ,17450,,
22/04/2023 ,17450,,
23/04/2023 ,17450,,
24/04/2023 ,17200,,
25/04/2023 ,16000,,
26/04/2023 ,16400,,
27/04/2023 ,16250,,
28/04/2023 ,16600,,
29/04/2023 ,16600,,
30/04/2023 ,16600,,
01/05/2023 ,16600,,
02/05/2023 ,16600,,
03/05/2023 ,16600,,
04/05/2023 ,16900,,
05/05/2023 ,16750,,
06/05/2023 ,16750,,
07/05/2023 ,16750,,
08/05/2023 ,17000,,
09/05/2023 ,16900,,
10/05/2023 ,17000,,
11/05/2023 ,17350,,
12/05/2023 ,17750,,
13/05/2023 ,17750,,
14/05/2023 ,17750,,
15/05/2023 ,17000,,
16/05/2023 ,17300,,
17/05/2023 ,16650,,
18/05/2023 ,17150,,
19/05/2023 ,17350,,
20/05/2023 ,17350,,
21/05/2023 ,17350,,
22/05/2023 ,17650,,
23/05/2023 ,17900,,
24/05/2023 ,19000,,
25/05/2023 ,18600,,
26/05/2023 ,18800,,
27/05/2023 ,18800,,
28/05/2023 ,18800,,
29/05/2023 ,19050,,
30/05/2023 ,19350,,
31/05/2023 ,19150,,
01/06/2023 ,19350,,
02/06/2023 ,19400,,
03/06/2023 ,19400,,
04/06/2023 ,19400,,
05/06/2023 ,18700,,
06/06/2023 ,19200,,
07/06/2023 ,19100,,
08/06/2023 ,18300,,
09/06/2023 ,18800,,
10/06/2023 ,18800,,
11/06/2023 ,18800,,
12/06/2023 ,18600,,
13/06/2023 ,19300,,
14/06/2023 ,18900,,
15/06/2023 ,18750,,
16/06/2023 ,18950,,
17/06/2023 ,18950,,
18/06/2023 ,18950,,
19/06/2023 ,19500,,
20/06/2023 ,19800,,
21/06/2023 ,21150,,
22/06/2023 ,21400,,
23/06/2023 ,21700,,
24/06/2023 ,21700,,
25/06/2023 ,21700,,
26/06/2023 ,22500,,
27/06/2023 ,22150,,
28/06/2023 ,21850,,
29/06/2023 ,21000,,
30/06/2023 ,21500,,
01/07/2023 ,21500,,
02/07/2023 ,21500,,
03/07/2023 ,21750,,
04/07/2023 ,22700,,
05/07/2023 ,22250,,
06/07/2023 ,21950,,
07/07/2023 ,22350,,
08/07/2023 ,22350,,
09/07/2023 ,22350,,
10/07/2023 ,22650,,
11/07/2023 ,22500,,
12/07/2023 ,22950,,
13/07/2023 ,23000,,
14/07/2023 ,23100,,
15/07/2023 ,23100,,
16/07/2023 ,23100,,
17/07/2023 ,23000,,
18/07/2023 ,22700,,
19/07/2023 ,22600,,
20/07/2023 ,22600,,
21/07/2023 ,24150,,
22/07/2023 ,24150,,
23/07/2023 ,24150,,
24/07/2023 ,24950,,
25/07/2023 ,24600,,
26/07/2023 ,25000,,
27/07/2023 ,24900,,
28/07/2023 ,25200,,
29/07/2023 ,25200,,
30/07/2023 ,25200,,
31/07/2023 ,25800,,
01/08/2023 ,25400,,
02/08/2023 ,26000,,
03/08/2023 ,25950,,
04/08/2023 ,26350,,
05/08/2023 ,26350,,
06/08/2023 ,26350,,
07/08/2023 ,26800,,
08/08/2023 ,26250,,
09/08/2023 ,25750,,
10/08/2023 ,25000,,
11/08/2023 ,25850,,
12/08/2023 ,25850,,
13/08/2023 ,25850,,
14/08/2023 ,26500,,
15/08/2023 ,26100,,
16/08/2023 ,25900,,
17/08/2023 ,26050,,
18/08/2023 ,24250,,
19/08/2023 ,24250,,
20/08/2023 ,24250,,
21/08/2023 ,24100,,
22/08/2023 ,25000,,
23/08/2023 ,24650,,
24/08/2023 ,25350,,
25/08/2023 ,25600,,
26/08/2023 ,25600,,
27/08/2023 ,25600,,
28/08/2023 ,26300,,
29/08/2023 ,26350,,
30/08/2023 ,28150,,
31/08/2023 ,28700,,
01/09/2023 ,28700,,
02/09/2023 ,28700,,
03/09/2023 ,28700,,
04/09/2023 ,28700,,
05/09/2023 ,28750,,
06/09/2023 ,30000,,
07/09/2023 ,30000,,
08/09/2023 ,29900,,
09/09/2023 ,29900,,
10/09/2023 ,29900,,
11/09/2023 ,30250,,
12/09/2023 ,32350,,
13/09/2023 ,32600,,
14/09/2023 ,32000,,
15/09/2023 ,31450,,
16/09/2023 ,31450,,
17/09/2023 ,31450,,
18/09/2023 ,31600,,
19/09/2023 ,32300,,
20/09/2023 ,32800,,
21/09/2023 ,31100,,
22/09/2023 ,28950,,
23/09/2023 ,28950,,
24/09/2023 ,28950,,
25/09/2023 ,26950,,
26/09/2023 ,27000,,
27/09/2023 ,28850,,
28/09/2023 ,29500,,
29/09/2023 ,28900,,
30/09/2023 ,28900,,
01/10/2023 ,28900,,
02/10/2023 ,28300,,
03/10/2023 ,26350,,
04/10/2023 ,26800,,
05/10/2023 ,25500,,
06/10/2023 ,26200,,
07/10/2023 ,26200,,
08/10/2023 ,26200,,
09/10/2023 ,26600,,
10/10/2023 ,26600,,
11/10/2023 ,27500,,
12/10/2023 ,27600,,
13/10/2023 ,27400,,
14/10/2023 ,27400,,
15/10/2023 ,27400,,
16/10/2023 ,26700,,
17/10/2023 ,24850,,
18/10/2023 ,23200,,
19/10/2023 ,21600,,
20/10/2023 ,23100,,
21/10/2023 ,23100,,
22/10/2023 ,23100,,
23/10/2023 ,23600,,
24/10/2023 ,24000,,
25/10/2023 ,23300,,
26/10/2023 ,21700,,
27/10/2023 ,22300,,
28/10/2023 ,22300,,
29/10/2023 ,22300,,
30/10/2023 ,20800,,
31/10/2023 ,19400,,
01/11/2023 ,20750,,
02/11/2023 ,22200,,
03/11/2023 ,22250,,
04/11/2023 ,22250,,
05/11/2023 ,22250,,
06/11/2023 ,23100,,
07/11/2023 ,23300,,
08/11/2023 ,24900,,
09/11/2023 ,25550,,
10/11/2023 ,25050,,
11/11/2023 ,25050,,
12/11/2023 ,25050,,
13/11/2023 ,25700,,
14/11/2023 ,25950,,
15/11/2023 ,25900,,
16/11/2023 ,26600,,
17/11/2023 ,25800,,
18/11/2023 ,25800,,
19/11/2023 ,25800,,
20/11/2023 ,27250,,
21/11/2023 ,27550,,
22/11/2023 ,28350,,
23/11/2023 ,26400,,
24/11/2023 ,27300,,
25/11/2023 ,27300,,
26/11/2023 ,27300,,
27/11/2023 ,26500,,
28/11/2023 ,27000,,
29/11/2023 ,27300,,
30/11/2023 ,27050,,
01/12/2023 ,27550,,
02/12/2023 ,27550,,
03/12/2023 ,27550,,
04/12/2023 ,28600,,
05/12/2023 ,28600,,
06/12/2023 ,28700,,
07/12/2023 ,27600,,
08/12/2023 ,27100,,
09/12/2023 ,27100,,
10/12/2023 ,27100,,
11/12/2023 ,27300,,
12/12/2023 ,27400,,
13/12/2023 ,26850,,
14/12/2023 ,26850,,
15/12/2023 ,27000,,
16/12/2023 ,27000,,
17/12/2023 ,27000,,
18/12/2023 ,27100,,
19/12/2023 ,27800,,
20/12/2023 ,27850,,
21/12/2023 ,27800,,
22/12/2023 ,27850,,
23/12/2023 ,27850,,
24/12/2023 ,27850,,
25/12/2023 ,27950,,
26/12/2023 ,28400,,
27/12/2023 ,28150,,
28/12/2023 ,28350,,
29/12/2023 ,28300,,
30/12/2023 ,28300,,
31/12/2023 ,28300,,
01/01/2024 ,28300,,
02/01/2024 ,27700,,
03/01/2024 ,28000,,
04/01/2024 ,28050,,
05/01/2024 ,28050,,
06/01/2024 ,28050,,
07/01/2024 ,28050,,
08/01/2024 ,28850,,
09/01/2024 ,29350,,
10/01/2024 ,28700,,
11/01/2024 ,28800,,
12/01/2024 ,28400,,
13/01/2024 ,28400,,
14/01/2024 ,28400,,
15/01/2024 ,27600,,
16/01/2024 ,28350,,
17/01/2024 ,28700,,
18/01/2024 ,28600,,
19/01/2024 ,28400,,
20/01/2024 ,28400,,
21/01/2024 ,28400,,
22/01/2024 ,28700,,
23/01/2024 ,28500,,
24/01/2024 ,28700,,
25/01/2024 ,29150,,
26/01/2024 ,29050,,
27/01/2024 ,29050,,
28/01/2024 ,29050,,
29/01/2024 ,28750,,
30/01/2024 ,29150,,
31/01/2024 ,29600,,
01/02/2024 ,30900,,
02/02/2024 ,31250,,
03/02/2024 ,31250,,
04/02/2024 ,31250,,
05/02/2024 ,31150,,
06/02/2024 ,31150,,
07/02/2024 ,31250,,
08/02/2024 ,31250,,
09/02/2024 ,31250,,
10/02/2024 ,31250,,
11/02/2024 ,31250,,
12/02/2024 ,31250,,
13/02/2024 ,31250,,
14/02/2024 ,31250,,
15/02/2024 ,30900,,
16/02/2024 ,31000,,
17/02/2024 ,31000,,
18/02/2024 ,31000,,
19/02/2024 ,30800,,
20/02/2024 ,31150,,
21/02/2024 ,31000,,
22/02/2024 ,30800,,
23/02/2024 ,30100,,
24/02/2024 ,30100,,
25/02/2024 ,30100,,
26/02/2024 ,31200,,
27/02/2024 ,31400,,
28/02/2024 ,31550,,
29/02/2024 ,32150,,
01/03/2024 ,33250,,
02/03/2024 ,33250,,
03/03/2024 ,33250,,
04/03/2024 ,33000,,
05/03/2024 ,35300,,
06/03/2024 ,35900,,
07/03/2024 ,36200,,
08/03/2024 ,36500,,
09/03/2024 ,36500,,
10/03/2024 ,36500,,
11/03/2024 ,37000,,
12/03/2024 ,36850,,
13/03/2024 ,38900,,
14/03/2024 ,38400,,
15/03/2024 ,38000,,
16/03/2024 ,38000,,
17/03/2024 ,38000,,
18/03/2024 ,36000,,
19/03/2024 ,36400,,
20/03/2024 ,37350,,
21/03/2024 ,37350,,
22/03/2024 ,38050,,
23/03/2024 ,38050,,
24/03/2024 ,38050,,
25/03/2024 ,37300,,
26/03/2024 ,37650,,
27/03/2024 ,37550,,
28/03/2024 ,39000,,
29/03/2024 ,38500,,
30/03/2024 ,38500,,
31/03/2024 ,38500,,
01/04/2024 ,38500,,
02/04/2024 ,39500,,
03/04/2024 ,39250,,
04/04/2024 ,38300,,
05/04/2024 ,36000,,
06/04/2024 ,36000,,
07/04/2024 ,36000,,
08/04/2024 ,36500,,
09/04/2024 ,38000,,
10/04/2024 ,37400,,
11/04/2024 ,38200,,
12/04/2024 ,40500,,
13/04/2024 ,40500,,
14/04/2024 ,40500,,
15/04/2024 ,37700,,
16/04/2024 ,39750,,
17/04/2024 ,37450,,
18/04/2024 ,37450,,
19/04/2024 ,34850,,
20/04/2024 ,34850,,
21/04/2024 ,34850,,
22/04/2024 ,36200,,
23/04/2024 ,34200,,
24/04/2024 ,36000,,
25/04/2024 ,35500,,
26/04/2024 ,35500,,
27/04/2024 ,35500,,
28/04/2024 ,35500,,
29/04/2024 ,35500,,
30/04/2024 ,35500,,
01/05/2024 ,35500,,
02/05/2024 ,34900,,
03/05/2024 ,34900,,
04/05/2024 ,34900,,
05/05/2024 ,34900,,
06/05/2024 ,37300,,
07/05/2024 ,37950,,
08/05/2024 ,38800,,
09/05/2024 ,38300,,
10/05/2024 ,40000,,
11/05/2024 ,40000,,
12/05/2024 ,40000,,
13/05/2024 ,39850,,
14/05/2024 ,39500,,
15/05/2024 ,42250,,
16/05/2024 ,42350,,
17/05/2024 ,43000,,
18/05/2024 ,43000,,
19/05/2024 ,43000,,
20/05/2024 ,42500,,
21/05/2024 ,43850,,
22/05/2024 ,43400,,
23/05/2024 ,43800,,
24/05/2024 ,42000,,
25/05/2024 ,42000,,
26/05/2024 ,42000,,
27/05/2024 ,42300,,
28/05/2024 ,43850,,
29/05/2024 ,42850,,
30/05/2024 ,43500,,
31/05/2024 ,42500,,
01/06/2024 ,42500,,
